"title","rating","price"
"Loksewa Exam Prepration Book In Nepali, Nayab Subba First Paper By Tanka K.C","(0)","NPR 1,120"
"Achievement: The Greatest Business Minds on Success","(0)","NPR 400"
"Adhyayan Ra Sangarsha - Parijat","(0)","NPR 150"
"The Poetic Burden and Other Poems by Sushant Thapa","(0)","NPR 450"
"Share (शेयर) bata Karodpati by Rabindra Bhattarai","(0)","NPR 300"
"Sambhoga Kala By Dr. Subodh Kumar Pokharel","(0)","NPR 551"
"Share (शेयर) Mantra By Rabindra Bhattarai","(0)","NPR 300"
"China Harayeko Manchhe - Hari Bansha Acharya","(0)","NPR 398"
"Think & Grow Rich Nepali Translation","(0)","NPR 350"
"Seto Dharti - Amar Neupane * Madan Puraskar Winner 2068 BS","(0)","NPR 450"
"The Power of Now By Eckhart Tolle","(0)","NPR 800"
"Gauri - Madhav Prasad Ghimire","(0)","NPR 65"
"Badshah ko Autograph by Madhav Sayapatri","(0)","NPR 300"
"Sanduk Ruit By Ali Gripper","(0)","NPR 550"
"Char Veda ko Saar by Tilak Prasad Luintel, Roshan Dahal","(0)","NPR 555"
"Maharani - Chandra Prakash Baniya","(0)","NPR 500"
"72 ko Bismaya by Basanta Basnet","(0)","NPR 550"
"Saya - Subin Bhattarai","(0)","NPR 300"
"A Brief History Of Time By Stephen Hawking","(0)","NPR 640"
"Yogmaya - Neelam Karki Niharika * Madan Puraskar Winner 2074 BS","(0)","NPR 575"
"Hola (El Libro De Espanol) [Spanish Bhasa Sikne Pustak] - Bijay Kumar Rauniyar, Miguel Gimeno & Ramesh Shrestha (learn spanish) (Ratna Pustak Bhandar)","(0)","NPR 395"
"Lekhnath Paudyal Combo Set (Tarun Tapasi+Lalitya)","(0)","NPR 530"
"Manchhe ko Mann by Dr. Bishwa Bandhu Sharma","(0)","NPR 485"
"Think & Grow Rich - Napolean Hill","(0)","NPR 240"